{"cameraMode":{"drawMode":0,"name":"Shaded","section":"Shading Mode"},"sceneLighting":false,"audioPlay":false,"sceneViewState":{"m_AlwaysRefresh":false,"showFog":true,"showSkybox":false,"showFlares":true,"showImageEffects":true,"showParticleSystems":true,"showVisualEffectGraphs":true,"m_FxEnabled":true},"in2DMode":false,"pivot":{"x":-2.096146821975708,"y":1.1880055665969849,"z":0.4737968444824219},"rotation":{"x":0.1405314803123474,"y":0.15671639144420625,"z":-0.022537827491760255,"w":0.9773468375205994},"size":0.766547679901123,"orthographic":true}