{"cameraMode":{"drawMode":0,"name":"Shaded","section":"Shading Mode"},"sceneLighting":true,"audioPlay":false,"sceneViewState":{"m_AlwaysRefresh":false,"showFog":true,"showSkybox":true,"showFlares":true,"showImageEffects":true,"showParticleSystems":true,"showVisualEffectGraphs":true,"m_FxEnabled":true},"in2DMode":false,"pivot":{"x":1.9199999570846558,"y":1.0770000219345093,"z":2.1782279014587404},"rotation":{"x":0.14153343439102174,"y":-0.17571941018104554,"z":0.02552223950624466,"w":0.9739201664924622},"size":2.480624198913574,"orthographic":true}